{"filename": "pyntcloud_plot", "line_color_list": [], "look_at": [-0.18965297937393188, 0.018027054145932198, -0.004445095080882311], "point_size": 0.3, "lines": [], "point_opacity": 0.9, "camera_position": [3.4617438316345215, 1.2687360048294067, 0.5292056202888489]}